id,nome,email,lat,lon,preferencias
1,Usuário 1,usuario1@exemplo.com,-15.875275928691583,-47.62957141615405,"{'distancia_maxima': 10, 'apenas_organicos': True, 'produtos_favoritos': ['Agrião', 'Cenoura', 'Pepino', 'Morango', 'Couve'], 'associacoes_favoritas': []}"
2,Usuário 2,usuario2@exemplo.com,-15.660803634913158,-47.840804909481776,"{'distancia_maxima': 30, 'apenas_organicos': False, 'produtos_favoritos': [], 'associacoes_favoritas': []}"
3,Usuário 3,usuario3@exemplo.com,-16.00638881573454,-48.10640328779828,"{'distancia_maxima': 10, 'apenas_organicos': False, 'produtos_favoritos': ['Coco'], 'associacoes_favoritas': []}"
4,Usuário 4,usuario4@exemplo.com,-16.06514983269908,-47.68029431253504,"{'distancia_maxima': 30, 'apenas_organicos': False, 'produtos_favoritos': ['Mamão', 'Manga', 'Pepino', 'Uva', 'Agrião'], 'associacoes_favoritas': []}"
5,Usuário 5,usuario5@exemplo.com,-15.739330992954075,-47.775156453322374,"{'distancia_maxima': 15, 'apenas_organicos': False, 'produtos_favoritos': ['Agrião', 'Pimentão'], 'associacoes_favoritas': ['CooperHorti']}"
6,Usuário 6,usuario6@exemplo.com,-16.08764930342252,-47.6180540887028,"{'distancia_maxima': 10, 'apenas_organicos': True, 'produtos_favoritos': ['Couve', 'Banana', 'Quiabo'], 'associacoes_favoritas': []}"
7,Usuário 7,usuario7@exemplo.com,-15.600534415519748,-48.072596533593035,"{'distancia_maxima': 25, 'apenas_organicos': True, 'produtos_favoritos': ['Cebola', 'Jiló', 'Limão'], 'associacoes_favoritas': ['Amista']}"
8,Usuário 8,usuario8@exemplo.com,-15.99090501967574,-48.08995729408794,"{'distancia_maxima': 10, 'apenas_organicos': False, 'produtos_favoritos': ['Cebola', 'Pepino'], 'associacoes_favoritas': []}"
9,Usuário 9,usuario9@exemplo.com,-15.917454654224278,-47.885146141020655,"{'distancia_maxima': 25, 'apenas_organicos': False, 'produtos_favoritos': ['Limão', 'Brócolis', 'Banana'], 'associacoes_favoritas': ['Astraf']}"
10,Usuário 10,usuario10@exemplo.com,-15.840832988814732,-48.025262515881174,"{'distancia_maxima': 10, 'apenas_organicos': False, 'produtos_favoritos': ['Cenoura', 'Brócolis', 'Atemóia', 'Tangerina'], 'associacoes_favoritas': ['Aspronfe', 'CooperHorti']}"
11,Usuário 11,usuario11@exemplo.com,-15.732888263166574,-48.11630368360878,"{'distancia_maxima': 10, 'apenas_organicos': False, 'produtos_favoritos': [], 'associacoes_favoritas': ['Coopebraz', 'Astraf']}"
12,Usuário 12,usuario12@exemplo.com,-15.92471321087887,-47.980182894023784,"{'distancia_maxima': 10, 'apenas_organicos': False, 'produtos_favoritos': ['Abacate', 'Beterraba', 'Graviola', 'Maracujá'], 'associacoes_favoritas': ['Aspagl', 'Astraf', 'Amista']}"
13,Usuário 13,usuario13@exemplo.com,-15.826358009469779,-47.72889442316419,"{'distancia_maxima': 15, 'apenas_organicos': False, 'produtos_favoritos': ['Lichia', 'Maracujá', 'Limão', 'Pepino', 'Morango'], 'associacoes_favoritas': ['Amista', 'Agrifarm', 'Coomermista']}"
14,Usuário 14,usuario14@exemplo.com,-15.980195730704985,-47.89145933695183,"{'distancia_maxima': 10, 'apenas_organicos': False, 'produtos_favoritos': ['Brócolis', 'Lichia', 'Batata', 'Tangerina', 'Atemóia'], 'associacoes_favoritas': ['Afeca', 'Aspaf']}"
15,Usuário 15,usuario15@exemplo.com,-15.744551258682776,-48.172129752368,"{'distancia_maxima': 30, 'apenas_organicos': False, 'produtos_favoritos': ['Goiaba', 'Chuchu', 'Jiló', 'Lichia', 'Brócolis'], 'associacoes_favoritas': ['Afeca', 'Astraf', 'Cootaquara']}"
16,Usuário 16,usuario16@exemplo.com,-15.735473088859138,-48.097685525787625,"{'distancia_maxima': 15, 'apenas_organicos': True, 'produtos_favoritos': ['Gengibre', 'Coco', 'Berinjela', 'Pimentão', 'Limão'], 'associacoes_favoritas': ['Cooperbrasília']}"
17,Usuário 17,usuario17@exemplo.com,-16.060969044208832,-47.630668677647996,"{'distancia_maxima': 10, 'apenas_organicos': False, 'produtos_favoritos': ['Mandioca', 'Chuchu', 'Limão'], 'associacoes_favoritas': ['Aspronfe', 'Agrifarm']}"
18,Usuário 18,usuario18@exemplo.com,-15.520620780155266,-47.71496159113012,"{'distancia_maxima': 15, 'apenas_organicos': True, 'produtos_favoritos': [], 'associacoes_favoritas': ['Amista', 'Aspagl', 'Cooperbrasília']}"
19,Usuário 19,usuario19@exemplo.com,-15.917231738495978,-48.14139673159617,"{'distancia_maxima': 25, 'apenas_organicos': False, 'produtos_favoritos': ['Pitaia', 'Lichia'], 'associacoes_favoritas': ['Asproc']}"
20,Usuário 20,usuario20@exemplo.com,-15.689460184092706,-47.93590850375624,"{'distancia_maxima': 20, 'apenas_organicos': False, 'produtos_favoritos': ['Limão', 'Uva', 'Pitaia', 'Chuchu', 'Cenoura'], 'associacoes_favoritas': ['Amista']}"
21,Usuário 21,usuario21@exemplo.com,-16.026777059093135,-47.902893853933236,"{'distancia_maxima': 20, 'apenas_organicos': True, 'produtos_favoritos': ['Pepino', 'Alface', 'Batata', 'Repolho'], 'associacoes_favoritas': ['Amista']}"
22,Usuário 22,usuario22@exemplo.com,-16.07936688733087,-47.65440775875273,"{'distancia_maxima': 10, 'apenas_organicos': False, 'produtos_favoritos': [], 'associacoes_favoritas': ['Astraf']}"
23,Usuário 23,usuario23@exemplo.com,-15.94473201103999,-47.80248662938761,"{'distancia_maxima': 25, 'apenas_organicos': False, 'produtos_favoritos': ['Morango', 'Cajamanga', 'Cenoura', 'Manga'], 'associacoes_favoritas': ['Aspaf']}"
24,Usuário 24,usuario24@exemplo.com,-15.912973354346354,-47.88795918729331,"{'distancia_maxima': 10, 'apenas_organicos': False, 'produtos_favoritos': ['Lichia', 'Manga'], 'associacoes_favoritas': ['Agrifarm', 'Aspaf', 'Afeca']}"
25,Usuário 25,usuario25@exemplo.com,-15.771973832394034,-48.089087326684684,"{'distancia_maxima': 25, 'apenas_organicos': False, 'produtos_favoritos': [], 'associacoes_favoritas': ['Asproc']}"
26,Usuário 26,usuario26@exemplo.com,-15.518249223341266,-47.73492030598333,"{'distancia_maxima': 15, 'apenas_organicos': False, 'produtos_favoritos': ['Lichia'], 'associacoes_favoritas': ['Astraf']}"
27,Usuário 27,usuario27@exemplo.com,-15.536300635061487,-47.66310358974341,"{'distancia_maxima': 25, 'apenas_organicos': False, 'produtos_favoritos': [], 'associacoes_favoritas': ['Aspaf', 'Agrifarm', 'CooperHorti']}"
28,Usuário 28,usuario28@exemplo.com,-15.741260012713349,-47.64687545898613,"{'distancia_maxima': 30, 'apenas_organicos': True, 'produtos_favoritos': [], 'associacoes_favoritas': ['Asphor']}"
29,Usuário 29,usuario29@exemplo.com,-16.04690449876885,-48.08241028254851,"{'distancia_maxima': 25, 'apenas_organicos': False, 'produtos_favoritos': ['Beterraba', 'Maracujá', 'Repolho'], 'associacoes_favoritas': ['Coopebraz']}"
30,Usuário 30,usuario30@exemplo.com,-16.072863626653678,-48.00480180154204,"{'distancia_maxima': 10, 'apenas_organicos': False, 'produtos_favoritos': ['Atemóia', 'Jiló'], 'associacoes_favoritas': ['Cootaquara', 'Aspagl', 'Aspaf']}"
31,Usuário 31,usuario31@exemplo.com,-15.866793626186311,-48.03719058093566,"{'distancia_maxima': 20, 'apenas_organicos': False, 'produtos_favoritos': [], 'associacoes_favoritas': []}"
32,Usuário 32,usuario32@exemplo.com,-15.602757494508843,-47.98594800398384,"{'distancia_maxima': 20, 'apenas_organicos': True, 'produtos_favoritos': [], 'associacoes_favoritas': ['Cooperbrasília', 'Asphor', 'Afeca']}"
33,Usuário 33,usuario33@exemplo.com,-15.931439294187573,-47.87438235010505,"{'distancia_maxima': 30, 'apenas_organicos': True, 'produtos_favoritos': ['Batata'], 'associacoes_favoritas': []}"
34,Usuário 34,usuario34@exemplo.com,-16.015445465015144,-47.718681811547576,"{'distancia_maxima': 15, 'apenas_organicos': False, 'produtos_favoritos': [], 'associacoes_favoritas': ['Agrifarm']}"
35,Usuário 35,usuario35@exemplo.com,-16.055269613792138,-47.60786783803969,"{'distancia_maxima': 30, 'apenas_organicos': True, 'produtos_favoritos': ['Pitaia', 'Abacate', 'Quiabo'], 'associacoes_favoritas': ['CooperHorti']}"
36,Usuário 36,usuario36@exemplo.com,-15.636653138422007,-48.08077059107949,"{'distancia_maxima': 15, 'apenas_organicos': False, 'produtos_favoritos': ['Morango', 'Gengibre', 'Atemóia'], 'associacoes_favoritas': ['Amista', 'Afeca']}"
37,Usuário 37,usuario37@exemplo.com,-16.09668672972584,-47.7107231429271,"{'distancia_maxima': 25, 'apenas_organicos': True, 'produtos_favoritos': [], 'associacoes_favoritas': ['Cooperbrasília']}"
38,Usuário 38,usuario38@exemplo.com,-15.675885593691431,-47.76259569917541,"{'distancia_maxima': 20, 'apenas_organicos': False, 'produtos_favoritos': ['Batata', 'Cenoura'], 'associacoes_favoritas': ['Coopbrasil', 'Asphor']}"
39,Usuário 39,usuario39@exemplo.com,-15.637237791988433,-48.155573208959545,"{'distancia_maxima': 25, 'apenas_organicos': False, 'produtos_favoritos': ['Pitaia', 'Alface', 'Gengibre', 'Couve'], 'associacoes_favoritas': ['Astraf']}"
40,Usuário 40,usuario40@exemplo.com,-15.884920562873438,-48.13047856428492,"{'distancia_maxima': 10, 'apenas_organicos': True, 'produtos_favoritos': ['Pimentão', 'Agrião', 'Jiló', 'Beterraba', 'Goiaba'], 'associacoes_favoritas': ['Astraf']}"
41,Usuário 41,usuario41@exemplo.com,-15.582137944474644,-47.826021123903466,"{'distancia_maxima': 30, 'apenas_organicos': False, 'produtos_favoritos': ['Repolho', 'Cebola'], 'associacoes_favoritas': ['Astraf', 'Agrifarm', 'Afeca']}"
42,Usuário 42,usuario42@exemplo.com,-15.901461185088412,-48.16186498982839,"{'distancia_maxima': 20, 'apenas_organicos': False, 'produtos_favoritos': ['Quiabo', 'Brócolis', 'Uva', 'Lichia', 'Alface'], 'associacoes_favoritas': []}"
43,Usuário 43,usuario43@exemplo.com,-15.913410606970604,-48.00489000678395,"{'distancia_maxima': 10, 'apenas_organicos': False, 'produtos_favoritos': ['Tomate', 'Limão', 'Pimentão', 'Lichia'], 'associacoes_favoritas': ['Agrifarm']}"
44,Usuário 44,usuario44@exemplo.com,-15.662236292997163,-47.81746551718687,"{'distancia_maxima': 20, 'apenas_organicos': False, 'produtos_favoritos': [], 'associacoes_favoritas': ['Asproc', 'Aspronfe']}"
45,Usuário 45,usuario45@exemplo.com,-15.567672354454205,-47.91667104490283,"{'distancia_maxima': 10, 'apenas_organicos': False, 'produtos_favoritos': ['Manga', 'Pimentão', 'Cenoura', 'Brócolis'], 'associacoes_favoritas': ['Coomermista']}"
46,Usuário 46,usuario46@exemplo.com,-16.02824345243702,-47.772053127666204,"{'distancia_maxima': 10, 'apenas_organicos': False, 'produtos_favoritos': ['Goiaba', 'Manga', 'Cenoura', 'Agrião', 'Brócolis'], 'associacoes_favoritas': []}"
47,Usuário 47,usuario47@exemplo.com,-15.643528970829863,-47.863233681458304,"{'distancia_maxima': 25, 'apenas_organicos': True, 'produtos_favoritos': ['Pepino', 'Berinjela', 'Atemóia'], 'associacoes_favoritas': ['Coopbrasil', 'Aspronfe']}"
48,Usuário 48,usuario48@exemplo.com,-15.637419692027263,-47.903722642181364,"{'distancia_maxima': 15, 'apenas_organicos': True, 'produtos_favoritos': ['Berinjela', 'Maracujá', 'Goiaba', 'Agrião', 'Batata'], 'associacoes_favoritas': ['Proural', 'Coopebraz']}"
49,Usuário 49,usuario49@exemplo.com,-15.786360302370804,-47.94347538898487,"{'distancia_maxima': 30, 'apenas_organicos': False, 'produtos_favoritos': [], 'associacoes_favoritas': []}"
50,Usuário 50,usuario50@exemplo.com,-16.084748523953543,-48.13526514380401,"{'distancia_maxima': 20, 'apenas_organicos': False, 'produtos_favoritos': ['Quiabo', 'Tomate', 'Couve', 'Lichia'], 'associacoes_favoritas': ['CooperHorti', 'Coomermista']}"
51,Usuário 51,usuario51@exemplo.com,-16.08114248858796,-47.81815375324173,"{'distancia_maxima': 30, 'apenas_organicos': True, 'produtos_favoritos': ['Berinjela', 'Quiabo', 'Tomate'], 'associacoes_favoritas': ['Afeca', 'Asproc', 'Asphor']}"
52,Usuário 52,usuario52@exemplo.com,-15.911386411354204,-47.894857585301175,"{'distancia_maxima': 25, 'apenas_organicos': True, 'produtos_favoritos': ['Goiaba', 'Abacate', 'Chuchu', 'Gengibre', 'Coco'], 'associacoes_favoritas': ['Coomermista', 'CooperHorti']}"
53,Usuário 53,usuario53@exemplo.com,-15.555460115644346,-48.05042466251067,"{'distancia_maxima': 25, 'apenas_organicos': False, 'produtos_favoritos': ['Morango', 'Berinjela', 'Manga', 'Tangerina'], 'associacoes_favoritas': ['Coopbrasil']}"
54,Usuário 54,usuario54@exemplo.com,-15.853770246178623,-47.74666931687417,"{'distancia_maxima': 25, 'apenas_organicos': True, 'produtos_favoritos': ['Jiló', 'Beterraba'], 'associacoes_favoritas': ['CooperHorti', 'Rede Terra', 'Aspronfe']}"
55,Usuário 55,usuario55@exemplo.com,-15.962721100705027,-48.15381205410272,"{'distancia_maxima': 25, 'apenas_organicos': False, 'produtos_favoritos': ['Cajamanga', 'Brócolis', 'Cebola', 'Jiló'], 'associacoes_favoritas': ['Amista', 'Aspronfe']}"
56,Usuário 56,usuario56@exemplo.com,-15.92614912825174,-48.1032672276476,"{'distancia_maxima': 20, 'apenas_organicos': False, 'produtos_favoritos': ['Pimentão'], 'associacoes_favoritas': []}"
57,Usuário 57,usuario57@exemplo.com,-15.542181408594457,-47.71512777226135,"{'distancia_maxima': 10, 'apenas_organicos': False, 'produtos_favoritos': ['Batata', 'Atemóia', 'Manga'], 'associacoes_favoritas': ['Coopebraz']}"
58,Usuário 58,usuario58@exemplo.com,-15.719957746093746,-47.67712364588737,"{'distancia_maxima': 25, 'apenas_organicos': False, 'produtos_favoritos': ['Pimentão'], 'associacoes_favoritas': []}"
59,Usuário 59,usuario59@exemplo.com,-15.617796753860532,-48.08805796466838,"{'distancia_maxima': 10, 'apenas_organicos': False, 'produtos_favoritos': ['Abóbora'], 'associacoes_favoritas': ['Agrifarm', 'Aspronfe', 'Rede Terra']}"
60,Usuário 60,usuario60@exemplo.com,-15.564464600906014,-47.87639465485061,"{'distancia_maxima': 10, 'apenas_organicos': False, 'produtos_favoritos': ['Atemóia'], 'associacoes_favoritas': ['Rede Terra', 'Coomermista']}"
61,Usuário 61,usuario61@exemplo.com,-15.615535906901563,-47.6623452200459,"{'distancia_maxima': 30, 'apenas_organicos': False, 'produtos_favoritos': ['Cajamanga'], 'associacoes_favoritas': ['Astraf', 'Aspronfe', 'Coomermista']}"
62,Usuário 62,usuario62@exemplo.com,-15.909197915016883,-48.13396884528339,"{'distancia_maxima': 20, 'apenas_organicos': False, 'produtos_favoritos': ['Cenoura', 'Agrião', 'Uva', 'Batata', 'Jiló'], 'associacoes_favoritas': ['Astraf']}"
63,Usuário 63,usuario63@exemplo.com,-15.963238902474835,-47.943735326824246,"{'distancia_maxima': 20, 'apenas_organicos': False, 'produtos_favoritos': ['Cebola', 'Morango', 'Pimentão', 'Pepino'], 'associacoes_favoritas': ['Aspagl', 'Asproc', 'Agrifarm']}"
64,Usuário 64,usuario64@exemplo.com,-15.609191140446505,-47.683561650046194,"{'distancia_maxima': 25, 'apenas_organicos': False, 'produtos_favoritos': ['Mamão', 'Atemóia'], 'associacoes_favoritas': ['Agrifarm', 'Asproc', 'Coomermista']}"
65,Usuário 65,usuario65@exemplo.com,-16.095828721681286,-47.89355161845346,"{'distancia_maxima': 25, 'apenas_organicos': False, 'produtos_favoritos': ['Mandioca', 'Tangerina', 'Cajamanga', 'Alface'], 'associacoes_favoritas': ['Coopbrasil', 'Coopebraz']}"
66,Usuário 66,usuario66@exemplo.com,-15.849553398110734,-48.06673531371756,"{'distancia_maxima': 25, 'apenas_organicos': False, 'produtos_favoritos': ['Pepino', 'Agrião', 'Lichia'], 'associacoes_favoritas': ['Afeca', 'Coopebraz', 'Asphor']}"
67,Usuário 67,usuario67@exemplo.com,-16.02808077959979,-47.99743089715782,"{'distancia_maxima': 25, 'apenas_organicos': False, 'produtos_favoritos': ['Morango', 'Mamão', 'Mandioca'], 'associacoes_favoritas': ['Afeca', 'Amista', 'CooperHorti']}"
68,Usuário 68,usuario68@exemplo.com,-15.534254177652489,-48.006078240787545,"{'distancia_maxima': 25, 'apenas_organicos': False, 'produtos_favoritos': ['Abóbora', 'Repolho', 'Quiabo'], 'associacoes_favoritas': ['CooperHorti', 'Asproc', 'Aspronfe']}"
69,Usuário 69,usuario69@exemplo.com,-15.788725626953982,-47.77818862466289,"{'distancia_maxima': 20, 'apenas_organicos': False, 'produtos_favoritos': ['Agrião', 'Manga', 'Quiabo'], 'associacoes_favoritas': []}"
70,Usuário 70,usuario70@exemplo.com,-15.881822238572424,-47.61693075036742,"{'distancia_maxima': 25, 'apenas_organicos': True, 'produtos_favoritos': ['Mamão', 'Repolho', 'Banana', 'Pepino', 'Batata'], 'associacoes_favoritas': []}"
71,Usuário 71,usuario71@exemplo.com,-15.522531623034734,-48.04893062250478,"{'distancia_maxima': 10, 'apenas_organicos': False, 'produtos_favoritos': ['Mandioca'], 'associacoes_favoritas': ['Aspronfe']}"
72,Usuário 72,usuario72@exemplo.com,-15.801650896464569,-48.019473014109934,"{'distancia_maxima': 15, 'apenas_organicos': False, 'produtos_favoritos': ['Chuchu', 'Beterraba', 'Atemóia', 'Quiabo', 'Limão'], 'associacoes_favoritas': ['Aspaf']}"
73,Usuário 73,usuario73@exemplo.com,-15.92909570337352,-48.17786783158728,"{'distancia_maxima': 15, 'apenas_organicos': False, 'produtos_favoritos': [], 'associacoes_favoritas': []}"
74,Usuário 74,usuario74@exemplo.com,-15.734261399612063,-47.898392586062684,"{'distancia_maxima': 20, 'apenas_organicos': False, 'produtos_favoritos': ['Berinjela', 'Batata', 'Cenoura'], 'associacoes_favoritas': []}"
75,Usuário 75,usuario75@exemplo.com,-16.069112749250007,-48.03281212145803,"{'distancia_maxima': 20, 'apenas_organicos': True, 'produtos_favoritos': ['Tomate', 'Banana', 'Mamão', 'Lichia'], 'associacoes_favoritas': ['Amista', 'CooperHorti']}"
76,Usuário 76,usuario76@exemplo.com,-15.555040468420009,-48.05626286559981,"{'distancia_maxima': 10, 'apenas_organicos': False, 'produtos_favoritos': ['Couve', 'Lichia', 'Limão'], 'associacoes_favoritas': ['Aspagl', 'Coomermista', 'Amista']}"
77,Usuário 77,usuario77@exemplo.com,-16.01306307674527,-47.90632834383346,"{'distancia_maxima': 30, 'apenas_organicos': False, 'produtos_favoritos': ['Mamão', 'Cajamanga', 'Atemóia', 'Lichia'], 'associacoes_favoritas': ['CooperHorti', 'Aspronfe']}"
78,Usuário 78,usuario78@exemplo.com,-15.50860972753364,-48.0547668370931,"{'distancia_maxima': 10, 'apenas_organicos': False, 'produtos_favoritos': ['Cenoura', 'Atemóia', 'Tangerina'], 'associacoes_favoritas': ['Afeca', 'Cootaquara']}"
79,Usuário 79,usuario79@exemplo.com,-15.696718671556473,-47.74302823080277,"{'distancia_maxima': 20, 'apenas_organicos': False, 'produtos_favoritos': ['Beterraba', 'Banana', 'Quiabo'], 'associacoes_favoritas': ['Astraf', 'Cooperbrasília']}"
80,Usuário 80,usuario80@exemplo.com,-15.957417473604561,-47.763070190832885,"{'distancia_maxima': 30, 'apenas_organicos': True, 'produtos_favoritos': ['Berinjela', 'Cebola', 'Cenoura', 'Manga'], 'associacoes_favoritas': ['Aspronfe', 'Cootaquara', 'CooperHorti']}"
81,Usuário 81,usuario81@exemplo.com,-15.879330120368449,-47.82061650164385,"{'distancia_maxima': 25, 'apenas_organicos': False, 'produtos_favoritos': [], 'associacoes_favoritas': []}"
82,Usuário 82,usuario82@exemplo.com,-15.719882173543464,-47.878535189555144,"{'distancia_maxima': 20, 'apenas_organicos': False, 'produtos_favoritos': ['Cenoura', 'Gengibre', 'Limão'], 'associacoes_favoritas': ['Cooperbrasília', 'Proural', 'Asproc']}"
83,Usuário 83,usuario83@exemplo.com,-16.045826137967357,-47.69881850264645,"{'distancia_maxima': 30, 'apenas_organicos': False, 'produtos_favoritos': ['Atemóia', 'Agrião'], 'associacoes_favoritas': ['Astraf', 'Aspronfe']}"
84,Usuário 84,usuario84@exemplo.com,-15.907531961016959,-48.08808889376009,"{'distancia_maxima': 10, 'apenas_organicos': False, 'produtos_favoritos': ['Chuchu', 'Mamão'], 'associacoes_favoritas': ['Asproc']}"
85,Usuário 85,usuario85@exemplo.com,-16.07553491506714,-47.84546423408705,"{'distancia_maxima': 15, 'apenas_organicos': False, 'produtos_favoritos': ['Pitaia', 'Jiló'], 'associacoes_favoritas': []}"
86,Usuário 86,usuario86@exemplo.com,-15.69346138289463,-48.190047302643286,"{'distancia_maxima': 15, 'apenas_organicos': False, 'produtos_favoritos': ['Limão'], 'associacoes_favoritas': ['Coopbrasil']}"
87,Usuário 87,usuario87@exemplo.com,-15.792744165020432,-48.064102534881236,"{'distancia_maxima': 10, 'apenas_organicos': False, 'produtos_favoritos': ['Tomate', 'Repolho'], 'associacoes_favoritas': ['Aspagl', 'Cootaquara']}"
88,Usuário 88,usuario88@exemplo.com,-15.71289632575433,-48.095380142597,"{'distancia_maxima': 10, 'apenas_organicos': True, 'produtos_favoritos': ['Jiló', 'Cajamanga', 'Uva', 'Goiaba'], 'associacoes_favoritas': ['Agrifarm']}"
89,Usuário 89,usuario89@exemplo.com,-15.685437357138522,-47.967958792219676,"{'distancia_maxima': 20, 'apenas_organicos': False, 'produtos_favoritos': [], 'associacoes_favoritas': []}"
90,Usuário 90,usuario90@exemplo.com,-15.53796200675796,-48.1174874335124,"{'distancia_maxima': 25, 'apenas_organicos': False, 'produtos_favoritos': [], 'associacoes_favoritas': []}"
91,Usuário 91,usuario91@exemplo.com,-15.895360189369846,-48.131915887255644,"{'distancia_maxima': 15, 'apenas_organicos': False, 'produtos_favoritos': ['Gengibre', 'Cebola', 'Cenoura', 'Chuchu'], 'associacoes_favoritas': ['Aspronfe', 'Coopebraz', 'Cooperbrasília']}"
92,Usuário 92,usuario92@exemplo.com,-15.545183829032863,-47.67359638797141,"{'distancia_maxima': 25, 'apenas_organicos': False, 'produtos_favoritos': ['Lichia', 'Gengibre', 'Repolho', 'Couve'], 'associacoes_favoritas': ['Asproc']}"
93,Usuário 93,usuario93@exemplo.com,-15.945235023370907,-47.80400957237949,"{'distancia_maxima': 20, 'apenas_organicos': True, 'produtos_favoritos': ['Cenoura'], 'associacoes_favoritas': ['Amista']}"
94,Usuário 94,usuario94@exemplo.com,-15.609666679879272,-47.866879513040324,"{'distancia_maxima': 15, 'apenas_organicos': True, 'produtos_favoritos': ['Uva', 'Cajamanga', 'Jiló'], 'associacoes_favoritas': []}"
95,Usuário 95,usuario95@exemplo.com,-15.782209652986397,-48.054888625459725,"{'distancia_maxima': 15, 'apenas_organicos': False, 'produtos_favoritos': ['Jiló', 'Atemóia', 'Batata', 'Pepino', 'Quiabo'], 'associacoes_favoritas': ['Coomermista']}"
96,Usuário 96,usuario96@exemplo.com,-16.04413833931646,-47.661670545228006,"{'distancia_maxima': 10, 'apenas_organicos': False, 'produtos_favoritos': ['Pimentão', 'Agrião', 'Batata', 'Repolho', 'Brócolis'], 'associacoes_favoritas': ['Coopbrasil', 'Rede Terra']}"
97,Usuário 97,usuario97@exemplo.com,-15.559749165702003,-47.82013912563604,"{'distancia_maxima': 10, 'apenas_organicos': False, 'produtos_favoritos': ['Gengibre', 'Maracujá', 'Agrião', 'Coco', 'Mamão'], 'associacoes_favoritas': ['Rede Terra', 'Amista', 'Coopbrasil']}"
98,Usuário 98,usuario98@exemplo.com,-15.89658212537078,-47.9904742552324,"{'distancia_maxima': 10, 'apenas_organicos': False, 'produtos_favoritos': ['Abacate', 'Quiabo', 'Mandioca', 'Cebola', 'Pepino'], 'associacoes_favoritas': []}"
99,Usuário 99,usuario99@exemplo.com,-15.664426592677858,-47.661733844028454,"{'distancia_maxima': 20, 'apenas_organicos': True, 'produtos_favoritos': ['Cajamanga'], 'associacoes_favoritas': ['Astraf', 'Asphor', 'Coopbrasil']}"
100,Usuário 100,usuario100@exemplo.com,-15.56774814544093,-47.732074672485425,"{'distancia_maxima': 25, 'apenas_organicos': False, 'produtos_favoritos': [], 'associacoes_favoritas': ['Proural', 'Coomermista', 'Asphor']}"
101,Usuário 101,usuario101@exemplo.com,-15.714781012307428,-48.14951602100297,"{'distancia_maxima': 20, 'apenas_organicos': True, 'produtos_favoritos': ['Goiaba'], 'associacoes_favoritas': ['Cootaquara', 'Coopbrasil', 'CooperHorti']}"
102,Usuário 102,usuario102@exemplo.com,-16.003022771543232,-47.66086748688375,"{'distancia_maxima': 25, 'apenas_organicos': True, 'produtos_favoritos': ['Cebola', 'Abacate', 'Quiabo'], 'associacoes_favoritas': ['Aspaf', 'Coopebraz']}"
103,Usuário 103,usuario103@exemplo.com,-15.736142564204247,-48.19448176903002,"{'distancia_maxima': 30, 'apenas_organicos': True, 'produtos_favoritos': ['Mamão', 'Atemóia', 'Manga', 'Repolho', 'Berinjela'], 'associacoes_favoritas': ['Cootaquara', 'Rede Terra']}"
104,Usuário 104,usuario104@exemplo.com,-16.03911707428038,-47.80189893853517,"{'distancia_maxima': 10, 'apenas_organicos': False, 'produtos_favoritos': ['Morango', 'Jiló'], 'associacoes_favoritas': ['Cootaquara', 'Aspaf', 'Afeca']}"
105,Usuário 105,usuario105@exemplo.com,-16.09696304969227,-48.103515169149496,"{'distancia_maxima': 30, 'apenas_organicos': False, 'produtos_favoritos': ['Brócolis', 'Gengibre', 'Alface', 'Manga', 'Cebola'], 'associacoes_favoritas': ['Aspaf']}"
106,Usuário 106,usuario106@exemplo.com,-15.77075972638005,-47.784862881384385,"{'distancia_maxima': 25, 'apenas_organicos': True, 'produtos_favoritos': ['Pimentão', 'Graviola', 'Jiló', 'Coco', 'Agrião'], 'associacoes_favoritas': ['Cootaquara', 'Cooperbrasília', 'Aspaf']}"
107,Usuário 107,usuario107@exemplo.com,-15.70882324429844,-48.065438414323665,"{'distancia_maxima': 25, 'apenas_organicos': False, 'produtos_favoritos': ['Berinjela', 'Coco', 'Morango'], 'associacoes_favoritas': []}"
108,Usuário 108,usuario108@exemplo.com,-15.67269246719148,-48.05765054750192,"{'distancia_maxima': 20, 'apenas_organicos': False, 'produtos_favoritos': ['Coco', 'Agrião'], 'associacoes_favoritas': []}"
109,Usuário 109,usuario109@exemplo.com,-15.90476018110444,-47.75210515692918,"{'distancia_maxima': 20, 'apenas_organicos': False, 'produtos_favoritos': ['Graviola', 'Pimentão', 'Uva', 'Mamão'], 'associacoes_favoritas': ['Proural', 'CooperHorti', 'Astraf']}"
110,Usuário 110,usuario110@exemplo.com,-15.710220260571672,-47.690465953703495,"{'distancia_maxima': 30, 'apenas_organicos': False, 'produtos_favoritos': ['Abacate', 'Berinjela', 'Cenoura'], 'associacoes_favoritas': ['Aspronfe', 'Coomermista', 'Afeca']}"
111,Usuário 111,usuario111@exemplo.com,-15.705432264619795,-47.859014837998714,"{'distancia_maxima': 20, 'apenas_organicos': False, 'produtos_favoritos': ['Tangerina', 'Pimentão', 'Graviola', 'Tomate', 'Morango'], 'associacoes_favoritas': ['Aspaf', 'Rede Terra']}"
112,Usuário 112,usuario112@exemplo.com,-16.043795139303146,-47.97937051816434,"{'distancia_maxima': 10, 'apenas_organicos': False, 'produtos_favoritos': [], 'associacoes_favoritas': ['Coomermista']}"
113,Usuário 113,usuario113@exemplo.com,-15.940878579390965,-48.05360621397255,"{'distancia_maxima': 15, 'apenas_organicos': True, 'produtos_favoritos': ['Quiabo', 'Goiaba', 'Maracujá'], 'associacoes_favoritas': []}"
114,Usuário 114,usuario114@exemplo.com,-15.516193667148533,-47.96414136519994,"{'distancia_maxima': 20, 'apenas_organicos': False, 'produtos_favoritos': ['Graviola', 'Mamão'], 'associacoes_favoritas': []}"
115,Usuário 115,usuario115@exemplo.com,-15.564772066893733,-47.82131682440164,"{'distancia_maxima': 30, 'apenas_organicos': True, 'produtos_favoritos': ['Jiló'], 'associacoes_favoritas': ['Amista']}"
116,Usuário 116,usuario116@exemplo.com,-15.623113217875012,-47.898417744136886,"{'distancia_maxima': 25, 'apenas_organicos': True, 'produtos_favoritos': ['Couve', 'Uva', 'Brócolis', 'Gengibre', 'Mandioca'], 'associacoes_favoritas': []}"
117,Usuário 117,usuario117@exemplo.com,-15.753857669224185,-47.90448938370868,"{'distancia_maxima': 20, 'apenas_organicos': True, 'produtos_favoritos': ['Banana', 'Limão'], 'associacoes_favoritas': ['Aspagl', 'Aspronfe', 'Astraf']}"
118,Usuário 118,usuario118@exemplo.com,-15.982854207321173,-47.76652873084309,"{'distancia_maxima': 25, 'apenas_organicos': False, 'produtos_favoritos': ['Abóbora'], 'associacoes_favoritas': []}"
119,Usuário 119,usuario119@exemplo.com,-15.931536582535488,-48.185410420141125,"{'distancia_maxima': 30, 'apenas_organicos': False, 'produtos_favoritos': ['Cenoura', 'Graviola', 'Pimentão', 'Pepino'], 'associacoes_favoritas': ['Astraf', 'Rede Terra', 'Aspagl']}"
120,Usuário 120,usuario120@exemplo.com,-15.7127166224557,-48.09373359235577,"{'distancia_maxima': 10, 'apenas_organicos': False, 'produtos_favoritos': ['Mamão', 'Brócolis'], 'associacoes_favoritas': []}"
121,Usuário 121,usuario121@exemplo.com,-15.535724849388252,-47.62764285379845,"{'distancia_maxima': 25, 'apenas_organicos': False, 'produtos_favoritos': ['Gengibre', 'Lichia', 'Quiabo', 'Atemóia'], 'associacoes_favoritas': ['Asproc', 'Coopebraz']}"
122,Usuário 122,usuario122@exemplo.com,-15.551081365867732,-47.97790477984673,"{'distancia_maxima': 25, 'apenas_organicos': True, 'produtos_favoritos': ['Tangerina'], 'associacoes_favoritas': ['Coopbrasil', 'Cooperbrasília']}"
123,Usuário 123,usuario123@exemplo.com,-16.09072603008268,-47.64300886244737,"{'distancia_maxima': 10, 'apenas_organicos': False, 'produtos_favoritos': ['Alface', 'Repolho'], 'associacoes_favoritas': ['Coopbrasil', 'Aspronfe', 'Cooperbrasília']}"
124,Usuário 124,usuario124@exemplo.com,-15.843089511009612,-47.620007108573795,"{'distancia_maxima': 20, 'apenas_organicos': False, 'produtos_favoritos': ['Berinjela', 'Quiabo', 'Morango', 'Couve', 'Tomate'], 'associacoes_favoritas': ['Rede Terra', 'Agrifarm']}"
125,Usuário 125,usuario125@exemplo.com,-15.521828013746449,-47.68819432671958,"{'distancia_maxima': 30, 'apenas_organicos': False, 'produtos_favoritos': ['Morango', 'Cebola', 'Jiló', 'Abacate', 'Manga'], 'associacoes_favoritas': ['Asproc']}"
126,Usuário 126,usuario126@exemplo.com,-15.923330664758248,-47.96894136283884,"{'distancia_maxima': 15, 'apenas_organicos': False, 'produtos_favoritos': ['Coco', 'Agrião', 'Brócolis', 'Quiabo'], 'associacoes_favoritas': ['Coopbrasil', 'CooperHorti', 'Coopebraz']}"
127,Usuário 127,usuario127@exemplo.com,-15.589317997089887,-48.00984679690623,"{'distancia_maxima': 10, 'apenas_organicos': False, 'produtos_favoritos': [], 'associacoes_favoritas': ['Aspronfe']}"
128,Usuário 128,usuario128@exemplo.com,-15.998304351988345,-47.86591924252499,"{'distancia_maxima': 25, 'apenas_organicos': False, 'produtos_favoritos': [], 'associacoes_favoritas': ['Afeca', 'Astraf', 'Cootaquara']}"
129,Usuário 129,usuario129@exemplo.com,-15.538307135503532,-47.78238212199501,"{'distancia_maxima': 10, 'apenas_organicos': False, 'produtos_favoritos': ['Quiabo', 'Tangerina'], 'associacoes_favoritas': ['Aspaf', 'Aspronfe']}"
130,Usuário 130,usuario130@exemplo.com,-15.757963297946382,-48.141694103737535,"{'distancia_maxima': 25, 'apenas_organicos': True, 'produtos_favoritos': ['Abacate', 'Pepino', 'Batata', 'Atemóia'], 'associacoes_favoritas': ['Coomermista', 'Aspaf']}"
131,Usuário 131,usuario131@exemplo.com,-15.730995663980499,-47.605967689937444,"{'distancia_maxima': 15, 'apenas_organicos': True, 'produtos_favoritos': [], 'associacoes_favoritas': ['Cootaquara', 'Aspaf']}"
132,Usuário 132,usuario132@exemplo.com,-16.015949590858085,-47.88900220858176,"{'distancia_maxima': 10, 'apenas_organicos': False, 'produtos_favoritos': ['Morango', 'Tangerina', 'Atemóia', 'Limão'], 'associacoes_favoritas': ['Aspagl', 'Coomermista', 'CooperHorti']}"
133,Usuário 133,usuario133@exemplo.com,-15.573576156843227,-47.75553882934748,"{'distancia_maxima': 10, 'apenas_organicos': False, 'produtos_favoritos': ['Manga', 'Agrião', 'Tomate', 'Limão'], 'associacoes_favoritas': ['Rede Terra']}"
134,Usuário 134,usuario134@exemplo.com,-15.68179055540284,-47.77850954960773,"{'distancia_maxima': 25, 'apenas_organicos': False, 'produtos_favoritos': ['Couve', 'Limão'], 'associacoes_favoritas': ['Agrifarm', 'Coopebraz']}"
135,Usuário 135,usuario135@exemplo.com,-15.884305309268148,-48.0238448934413,"{'distancia_maxima': 20, 'apenas_organicos': False, 'produtos_favoritos': [], 'associacoes_favoritas': ['Amista', 'Asproc', 'CooperHorti']}"
136,Usuário 136,usuario136@exemplo.com,-15.614383306712892,-47.71393196319249,"{'distancia_maxima': 30, 'apenas_organicos': True, 'produtos_favoritos': [], 'associacoes_favoritas': ['Aspronfe', 'Aspagl']}"
137,Usuário 137,usuario137@exemplo.com,-15.57975660885194,-47.65205566846612,"{'distancia_maxima': 30, 'apenas_organicos': False, 'produtos_favoritos': [], 'associacoes_favoritas': ['Asproc']}"
138,Usuário 138,usuario138@exemplo.com,-15.793194560683437,-47.89909022318768,"{'distancia_maxima': 15, 'apenas_organicos': False, 'produtos_favoritos': ['Alface'], 'associacoes_favoritas': ['Aspagl', 'Cooperbrasília']}"
139,Usuário 139,usuario139@exemplo.com,-15.621022892619935,-47.81002164153334,"{'distancia_maxima': 30, 'apenas_organicos': False, 'produtos_favoritos': ['Chuchu'], 'associacoes_favoritas': []}"
140,Usuário 140,usuario140@exemplo.com,-15.678819873645379,-47.72252439833834,"{'distancia_maxima': 15, 'apenas_organicos': True, 'produtos_favoritos': ['Cenoura', 'Abacate'], 'associacoes_favoritas': []}"
141,Usuário 141,usuario141@exemplo.com,-15.565996794909461,-47.997202905889075,"{'distancia_maxima': 15, 'apenas_organicos': False, 'produtos_favoritos': [], 'associacoes_favoritas': ['Coomermista']}"
142,Usuário 142,usuario142@exemplo.com,-15.874650228416034,-48.143610836095476,"{'distancia_maxima': 30, 'apenas_organicos': True, 'produtos_favoritos': ['Batata', 'Cajamanga', 'Uva', 'Limão', 'Coco'], 'associacoes_favoritas': []}"
143,Usuário 143,usuario143@exemplo.com,-15.753031915402296,-48.178434635721956,"{'distancia_maxima': 25, 'apenas_organicos': False, 'produtos_favoritos': ['Tomate', 'Pitaia', 'Gengibre', 'Atemóia'], 'associacoes_favoritas': []}"
144,Usuário 144,usuario144@exemplo.com,-15.820641189120524,-47.87441321917545,"{'distancia_maxima': 10, 'apenas_organicos': False, 'produtos_favoritos': ['Lichia', 'Couve', 'Graviola'], 'associacoes_favoritas': ['Amista', 'Cooperbrasília', 'Asphor']}"
145,Usuário 145,usuario145@exemplo.com,-15.92807524872303,-47.84550004365859,"{'distancia_maxima': 30, 'apenas_organicos': False, 'produtos_favoritos': [], 'associacoes_favoritas': ['Astraf']}"
146,Usuário 146,usuario146@exemplo.com,-16.08169985003657,-48.17759108675047,"{'distancia_maxima': 30, 'apenas_organicos': False, 'produtos_favoritos': ['Pitaia', 'Jiló', 'Atemóia'], 'associacoes_favoritas': ['Aspaf', 'Cooperbrasília', 'Coomermista']}"
147,Usuário 147,usuario147@exemplo.com,-15.606439663604206,-47.98388561515324,"{'distancia_maxima': 30, 'apenas_organicos': False, 'produtos_favoritos': ['Uva', 'Pepino', 'Manga'], 'associacoes_favoritas': ['Rede Terra', 'Coopebraz']}"
148,Usuário 148,usuario148@exemplo.com,-16.02376369240887,-47.88665404396711,"{'distancia_maxima': 25, 'apenas_organicos': True, 'produtos_favoritos': ['Lichia', 'Abacate'], 'associacoes_favoritas': ['Proural', 'Aspagl']}"
149,Usuário 149,usuario149@exemplo.com,-15.638003868140835,-48.07050738350189,"{'distancia_maxima': 25, 'apenas_organicos': True, 'produtos_favoritos': [], 'associacoes_favoritas': []}"
150,Usuário 150,usuario150@exemplo.com,-15.726265714508601,-48.14879152100374,"{'distancia_maxima': 10, 'apenas_organicos': False, 'produtos_favoritos': [], 'associacoes_favoritas': ['Aspagl', 'Agrifarm']}"
151,Usuário 151,usuario151@exemplo.com,-16.068990967298838,-47.88118722105911,"{'distancia_maxima': 30, 'apenas_organicos': False, 'produtos_favoritos': ['Chuchu', 'Manga', 'Banana', 'Lichia', 'Repolho'], 'associacoes_favoritas': ['Coopbrasil', 'Proural']}"
152,Usuário 152,usuario152@exemplo.com,-15.775618927033937,-47.81754205910107,"{'distancia_maxima': 10, 'apenas_organicos': False, 'produtos_favoritos': ['Cajamanga'], 'associacoes_favoritas': ['Aspaf']}"
153,Usuário 153,usuario153@exemplo.com,-15.664345199766403,-47.61448875232248,"{'distancia_maxima': 20, 'apenas_organicos': False, 'produtos_favoritos': [], 'associacoes_favoritas': ['Aspronfe', 'Coomermista']}"
154,Usuário 154,usuario154@exemplo.com,-15.790219791019284,-48.006226116235254,"{'distancia_maxima': 30, 'apenas_organicos': True, 'produtos_favoritos': ['Agrião', 'Mandioca', 'Abóbora', 'Gengibre'], 'associacoes_favoritas': ['Proural', 'Afeca']}"
155,Usuário 155,usuario155@exemplo.com,-15.622888283138778,-48.03750064924275,"{'distancia_maxima': 15, 'apenas_organicos': False, 'produtos_favoritos': ['Maracujá', 'Batata', 'Pimentão', 'Mandioca'], 'associacoes_favoritas': []}"
156,Usuário 156,usuario156@exemplo.com,-15.83661714757662,-48.152926171194636,"{'distancia_maxima': 30, 'apenas_organicos': False, 'produtos_favoritos': ['Manga', 'Atemóia', 'Goiaba'], 'associacoes_favoritas': ['Proural']}"
157,Usuário 157,usuario157@exemplo.com,-16.084789553950728,-47.622410951193245,"{'distancia_maxima': 20, 'apenas_organicos': False, 'produtos_favoritos': ['Cebola', 'Repolho', 'Pimentão', 'Brócolis'], 'associacoes_favoritas': []}"
158,Usuário 158,usuario158@exemplo.com,-15.598411927692677,-47.78241547634378,"{'distancia_maxima': 10, 'apenas_organicos': False, 'produtos_favoritos': ['Lichia', 'Graviola', 'Uva'], 'associacoes_favoritas': ['Astraf', 'Asproc', 'Coopebraz']}"
159,Usuário 159,usuario159@exemplo.com,-15.85462823335144,-48.09602340795749,"{'distancia_maxima': 30, 'apenas_organicos': True, 'produtos_favoritos': ['Lichia', 'Chuchu'], 'associacoes_favoritas': ['Cootaquara', 'Coopbrasil']}"
160,Usuário 160,usuario160@exemplo.com,-16.00613777439735,-48.04985426110124,"{'distancia_maxima': 10, 'apenas_organicos': False, 'produtos_favoritos': ['Repolho', 'Alface', 'Beterraba'], 'associacoes_favoritas': ['Asproc', 'Aspagl']}"
161,Usuário 161,usuario161@exemplo.com,-15.770464001176329,-47.77124244637996,"{'distancia_maxima': 20, 'apenas_organicos': False, 'produtos_favoritos': ['Chuchu', 'Alface'], 'associacoes_favoritas': ['Coomermista', 'Asphor', 'Amista']}"
162,Usuário 162,usuario162@exemplo.com,-15.703881573969362,-48.032039661832435,"{'distancia_maxima': 25, 'apenas_organicos': False, 'produtos_favoritos': ['Banana', 'Batata', 'Maracujá', 'Tomate'], 'associacoes_favoritas': ['Afeca', 'Rede Terra', 'Cootaquara']}"
163,Usuário 163,usuario163@exemplo.com,-15.527080831602085,-47.75726184998254,"{'distancia_maxima': 10, 'apenas_organicos': False, 'produtos_favoritos': ['Lichia', 'Maracujá', 'Manga', 'Jiló'], 'associacoes_favoritas': []}"
164,Usuário 164,usuario164@exemplo.com,-15.76738756849316,-47.83296755225939,"{'distancia_maxima': 25, 'apenas_organicos': True, 'produtos_favoritos': ['Brócolis', 'Atemóia'], 'associacoes_favoritas': ['Amista', 'Coomermista']}"
165,Usuário 165,usuario165@exemplo.com,-15.848239962543326,-48.05136140629931,"{'distancia_maxima': 10, 'apenas_organicos': False, 'produtos_favoritos': ['Maracujá', 'Pitaia', 'Cebola'], 'associacoes_favoritas': ['Coopbrasil', 'CooperHorti', 'Aspaf']}"
166,Usuário 166,usuario166@exemplo.com,-15.886416392809243,-47.74529233372138,"{'distancia_maxima': 20, 'apenas_organicos': False, 'produtos_favoritos': [], 'associacoes_favoritas': []}"
167,Usuário 167,usuario167@exemplo.com,-16.091363906822146,-48.13035641569585,"{'distancia_maxima': 30, 'apenas_organicos': False, 'produtos_favoritos': ['Banana', 'Pimentão'], 'associacoes_favoritas': ['Aspaf']}"
168,Usuário 168,usuario168@exemplo.com,-16.07239841478695,-48.17556271860862,"{'distancia_maxima': 15, 'apenas_organicos': False, 'produtos_favoritos': ['Abóbora'], 'associacoes_favoritas': ['Amista']}"
169,Usuário 169,usuario169@exemplo.com,-15.586723649593397,-47.777805284371986,"{'distancia_maxima': 15, 'apenas_organicos': False, 'produtos_favoritos': ['Uva', 'Abacate', 'Pimentão'], 'associacoes_favoritas': ['Amista', 'Cootaquara', 'Aspronfe']}"
170,Usuário 170,usuario170@exemplo.com,-15.815495702547606,-48.141299503609396,"{'distancia_maxima': 20, 'apenas_organicos': False, 'produtos_favoritos': ['Repolho', 'Banana', 'Coco', 'Batata'], 'associacoes_favoritas': ['Rede Terra', 'Cooperbrasília']}"
171,Usuário 171,usuario171@exemplo.com,-15.805030474929902,-47.91591693753166,"{'distancia_maxima': 10, 'apenas_organicos': True, 'produtos_favoritos': ['Jiló', 'Batata'], 'associacoes_favoritas': []}"
172,Usuário 172,usuario172@exemplo.com,-15.996078878053991,-47.939689010457215,"{'distancia_maxima': 30, 'apenas_organicos': False, 'produtos_favoritos': ['Tomate', 'Uva', 'Berinjela'], 'associacoes_favoritas': ['Cootaquara', 'Aspagl']}"
173,Usuário 173,usuario173@exemplo.com,-15.860897159361576,-47.83048994116867,"{'distancia_maxima': 10, 'apenas_organicos': False, 'produtos_favoritos': [], 'associacoes_favoritas': ['Amista', 'Asphor']}"
174,Usuário 174,usuario174@exemplo.com,-15.718943809479414,-48.172817594136774,"{'distancia_maxima': 10, 'apenas_organicos': False, 'produtos_favoritos': ['Uva', 'Pitaia', 'Brócolis', 'Limão', 'Jiló'], 'associacoes_favoritas': ['Coomermista', 'CooperHorti', 'Cootaquara']}"
175,Usuário 175,usuario175@exemplo.com,-15.875232431224118,-47.824484050571456,"{'distancia_maxima': 30, 'apenas_organicos': True, 'produtos_favoritos': ['Goiaba', 'Batata', 'Couve', 'Tangerina', 'Jiló'], 'associacoes_favoritas': ['Aspagl', 'CooperHorti']}"
176,Usuário 176,usuario176@exemplo.com,-15.798118244851947,-47.686106095287,"{'distancia_maxima': 10, 'apenas_organicos': False, 'produtos_favoritos': ['Gengibre', 'Maracujá'], 'associacoes_favoritas': ['Amista']}"
177,Usuário 177,usuario177@exemplo.com,-15.704783821028634,-48.102239343751144,"{'distancia_maxima': 20, 'apenas_organicos': False, 'produtos_favoritos': ['Goiaba', 'Morango', 'Pitaia', 'Cebola', 'Lichia'], 'associacoes_favoritas': ['Afeca', 'Proural']}"
178,Usuário 178,usuario178@exemplo.com,-16.057658751559742,-47.81454843307621,"{'distancia_maxima': 20, 'apenas_organicos': False, 'produtos_favoritos': ['Goiaba'], 'associacoes_favoritas': ['Asproc', 'Aspronfe', 'Amista']}"
179,Usuário 179,usuario179@exemplo.com,-16.08409321367503,-47.84853465123592,"{'distancia_maxima': 15, 'apenas_organicos': True, 'produtos_favoritos': ['Couve', 'Coco'], 'associacoes_favoritas': []}"
180,Usuário 180,usuario180@exemplo.com,-15.535861855145026,-47.85471549327447,"{'distancia_maxima': 20, 'apenas_organicos': False, 'produtos_favoritos': ['Tangerina', 'Pimentão', 'Brócolis', 'Abóbora'], 'associacoes_favoritas': ['Rede Terra']}"
181,Usuário 181,usuario181@exemplo.com,-15.867098044276087,-47.814027068934585,"{'distancia_maxima': 10, 'apenas_organicos': False, 'produtos_favoritos': ['Cenoura', 'Uva'], 'associacoes_favoritas': ['Rede Terra', 'Aspronfe']}"
182,Usuário 182,usuario182@exemplo.com,-15.82504826570509,-47.87262992641044,"{'distancia_maxima': 30, 'apenas_organicos': False, 'produtos_favoritos': ['Cajamanga', 'Berinjela'], 'associacoes_favoritas': ['Rede Terra', 'Cooperbrasília']}"
183,Usuário 183,usuario183@exemplo.com,-15.535121114734086,-47.968338417319536,"{'distancia_maxima': 20, 'apenas_organicos': False, 'produtos_favoritos': ['Pitaia', 'Manga', 'Brócolis', 'Berinjela'], 'associacoes_favoritas': ['Astraf']}"
184,Usuário 184,usuario184@exemplo.com,-15.523285661705652,-47.65678961482636,"{'distancia_maxima': 10, 'apenas_organicos': False, 'produtos_favoritos': ['Couve', 'Pitaia'], 'associacoes_favoritas': []}"
185,Usuário 185,usuario185@exemplo.com,-15.982525319126422,-48.1583832194749,"{'distancia_maxima': 20, 'apenas_organicos': True, 'produtos_favoritos': ['Agrião'], 'associacoes_favoritas': ['Cooperbrasília', 'Aspagl', 'Coomermista']}"
186,Usuário 186,usuario186@exemplo.com,-16.039533199173544,-48.18906690460907,"{'distancia_maxima': 25, 'apenas_organicos': True, 'produtos_favoritos': ['Uva'], 'associacoes_favoritas': ['Afeca', 'Coomermista']}"
187,Usuário 187,usuario187@exemplo.com,-16.043334223546445,-47.79019593595019,"{'distancia_maxima': 10, 'apenas_organicos': False, 'produtos_favoritos': ['Limão', 'Cenoura', 'Tangerina', 'Cebola'], 'associacoes_favoritas': ['Aspronfe', 'Afeca']}"
188,Usuário 188,usuario188@exemplo.com,-16.057286810923863,-48.00861462182374,"{'distancia_maxima': 20, 'apenas_organicos': True, 'produtos_favoritos': ['Goiaba', 'Pimentão', 'Morango', 'Tomate', 'Jiló'], 'associacoes_favoritas': ['Aspagl', 'Cootaquara', 'Aspronfe']}"
189,Usuário 189,usuario189@exemplo.com,-15.593074813418328,-48.1860368385585,"{'distancia_maxima': 30, 'apenas_organicos': True, 'produtos_favoritos': [], 'associacoes_favoritas': []}"
190,Usuário 190,usuario190@exemplo.com,-15.61131891044664,-48.030887135135956,"{'distancia_maxima': 20, 'apenas_organicos': False, 'produtos_favoritos': ['Pitaia'], 'associacoes_favoritas': ['Aspaf', 'Coopbrasil', 'Cooperbrasília']}"
191,Usuário 191,usuario191@exemplo.com,-16.029101103427006,-47.78195770078151,"{'distancia_maxima': 20, 'apenas_organicos': True, 'produtos_favoritos': [], 'associacoes_favoritas': ['Coomermista']}"
192,Usuário 192,usuario192@exemplo.com,-15.72263429193207,-47.67351679188377,"{'distancia_maxima': 30, 'apenas_organicos': False, 'produtos_favoritos': [], 'associacoes_favoritas': []}"
193,Usuário 193,usuario193@exemplo.com,-15.65895737371767,-47.71791144176909,"{'distancia_maxima': 25, 'apenas_organicos': True, 'produtos_favoritos': ['Coco', 'Cenoura', 'Pimentão', 'Jiló', 'Lichia'], 'associacoes_favoritas': []}"
194,Usuário 194,usuario194@exemplo.com,-15.930779256457217,-48.09353627373216,"{'distancia_maxima': 30, 'apenas_organicos': False, 'produtos_favoritos': ['Manga'], 'associacoes_favoritas': ['Amista']}"
195,Usuário 195,usuario195@exemplo.com,-15.649631149015486,-47.71589915643964,"{'distancia_maxima': 30, 'apenas_organicos': False, 'produtos_favoritos': [], 'associacoes_favoritas': []}"
196,Usuário 196,usuario196@exemplo.com,-15.505696914799596,-47.952429393853144,"{'distancia_maxima': 25, 'apenas_organicos': False, 'produtos_favoritos': [], 'associacoes_favoritas': ['Proural', 'Astraf', 'Cooperbrasília']}"
197,Usuário 197,usuario197@exemplo.com,-15.876789148524331,-47.7341522235548,"{'distancia_maxima': 10, 'apenas_organicos': False, 'produtos_favoritos': [], 'associacoes_favoritas': ['Aspronfe', 'Aspaf']}"
198,Usuário 198,usuario198@exemplo.com,-15.89551787584819,-47.64154560463786,"{'distancia_maxima': 30, 'apenas_organicos': False, 'produtos_favoritos': ['Tomate'], 'associacoes_favoritas': ['CooperHorti', 'Asphor']}"
199,Usuário 199,usuario199@exemplo.com,-15.584952348894193,-47.942603583574986,"{'distancia_maxima': 25, 'apenas_organicos': False, 'produtos_favoritos': ['Abóbora', 'Morango', 'Batata', 'Atemóia', 'Tomate'], 'associacoes_favoritas': ['Asproc', 'Agrifarm']}"
200,Usuário 200,usuario200@exemplo.com,-15.649477359325102,-47.74727427554919,"{'distancia_maxima': 15, 'apenas_organicos': True, 'produtos_favoritos': ['Gengibre', 'Coco'], 'associacoes_favoritas': ['Cootaquara', 'Astraf', 'Afeca']}"
